{
  "local": {
    "BoldToken": {
      "address": "0x0e18b884ec3095f7c27bbbeb0a266a5674bcaffd"
    },
    "Governance": {
      "address": "0x79fdb65c20e75f8961d54f6714d2fcc4c30d1073"
    }
  },
  "mainnet": {
    "BoldToken": {
      "address": "0xb01dd87b29d187f3e3a4bf6cdaebfb97f3d9ab98",
      "startBlock": 21640111
    },
    "Governance": {
      "address": "0x636deb767cd7d0f15ca4ab8ea9a9b26e98b426ac",
      "startBlock": 21640111
    }
  },
  "sepolia": {
    "BoldToken": {
      "address": "0xb01d32c05f4aa066eef2bfd4d461833fddd56d0a",
      "startBlock": 7532680
    },
    "Governance": {
      "address": "0xe3f9ca5398cc3d0099c3ad37d3252e37431555b8",
      "startBlock": 7533021
    }
  }
}
