{
  "typescript": {
    "arrowFunction.useParentheses": "force"
  },
  "json": {},
  "markdown": {},
  "toml": {},
  "includes": ["**/*.{ts,tsx,js,jsx,mjs,json,md,html,css,graphql}"],
  "excludes": [
    "**/node_modules",
    "**/*-lock.json",
    "/contracts/artifacts",
    "/contracts/broadcast",
    "/contracts/cache",
    "/contracts/lib",
    "/contracts/out"
  ],
  "plugins": [
    "https://plugins.dprint.dev/typescript-0.89.3.wasm",
    "https://plugins.dprint.dev/json-0.19.2.wasm",
    "https://plugins.dprint.dev/markdown-0.16.4.wasm",
    "https://plugins.dprint.dev/toml-0.6.1.wasm",
    "https://plugins.dprint.dev/g-plane/malva-v0.1.5.wasm",
    "https://plugins.dprint.dev/g-plane/pretty_graphql-v0.2.0.wasm"
  ]
}
